ID,Occupant,Address,City,State,ZipCode,FIPS,Phone,Publisher,Year
200527421,,611|FENN ST,PITTSFIELD,MA,1201,25003,4134420444,InfoGroup,2005
200527449,CENTER FOR ECOLOGICAL TECH,112|ELM ST,PITTSFIELD,MA,1201,25003,4134454556,InfoGroup,2005
200527492,PARISEAU HEATING COOLING,78|JEFFERSON PL,PITTSFIELD,MA,1201,25003,4134428516,InfoGroup,2005
200527385,FAMILY PRACTICE ASSOC,20|ELM ST,PITTSFIELD,MA,1201,25003,4134421019,InfoGroup,2005
200527529,,261|SOUTH ST,PITTSFIELD,MA,1201,25003,4134436654,InfoGroup,2005
200527543,CURLY-Q BEAUTY SALON,14|LARCH ST,PITTSFIELD,MA,1201,25003,4134421321,InfoGroup,2005
200527578,PROFESSIONAL REFRIGERATION,1138|BARKER RD,PITTSFIELD,MA,1201,25003,4134454946,InfoGroup,2005
200527694,AMERICAN LEGION,41|WENDELL AVE,PITTSFIELD,MA,1201,25003,4134439853,InfoGroup,2005
200527610,DEPARTMENT OF COMMUNITY DEV,70|ALLEN ST,PITTSFIELD,MA,1201,25003,4134999366,InfoGroup,2005
200527640,FAIRWEATHER COOLING & HEATING,4|SUNRISE ST,PITTSFIELD,MA,1201,25003,4134482013,InfoGroup,2005
200527763,SOUTH STREET CAR WASH,1050|SOUTH ST,PITTSFIELD,MA,1201,25003,4134421217,InfoGroup,2005
200527821,,212|SOUTH ST,PITTSFIELD,MA,1201,25003,4134996499,InfoGroup,2005
200527705,PITTSFIELD PARKING CLERK,70|ALLEN ST,PITTSFIELD,MA,1201,25003,4134999431,InfoGroup,2005
200527843,JET TYPING,360|CLOVERDALE ST,PITTSFIELD,MA,1201,25003,4134430625,InfoGroup,2005
200527908,DALTON APARTMENTS,51|1/2 APRIL LN,PITTSFIELD,MA,1201,25003,4134479809,InfoGroup,2005
200527797,SACRED HEART CATHOLIC CHURCH,191|ELM ST,PITTSFIELD,MA,1201,25003,4134436960,InfoGroup,2005
200527862,PIRES PACKAGE & VARIETY STORE,18|ALCOVE ST,PITTSFIELD,MA,1201,25003,4134479436,InfoGroup,2005
200527995,CARCHEDI REALTY,230|4H ST,PITTSFIELD,MA,1201,25003,4134993210,InfoGroup,2005
200528069,BERKSHIRE UROLOGICAL ASSOC,777|NORTH ST,PITTSFIELD,MA,1201,25003,4134992300,InfoGroup,2005
200527946,HBS STEREO SYSTEMS,237|1T ST,PITTSFIELD,MA,1201,25003,4134433434,InfoGroup,2005
200528101,OAK HILLS APARTMENTS,467|CRANE AVE,PITTSFIELD,MA,1201,25003,4134994099,InfoGroup,2005
200528137,SUITE 4 HAIR TECHNICIANS,1450|EAST ST,PITTSFIELD,MA,1201,25003,4134995515,InfoGroup,2005
200528035,A G EDWARDS & SONS INC,2|SOUTH ST,PITTSFIELD,MA,1201,25003,4134434931,InfoGroup,2005
200528054,VIRGILIO CONSTRUCTION CO INC,40|COMMERCIAL ST,PITTSFIELD,MA,1201,25003,4134479755,InfoGroup,2005
200528231,BERKSHIRENET INTERNET SOLUTION,126|FENN ST,PITTSFIELD,MA,1201,25003,4135369000,InfoGroup,2005
200528310,MICHAEL RENZI PAINTING CO,81|GAMWELL AVE,PITTSFIELD,MA,1201,25003,4134434253,InfoGroup,2005
200528327,SPECIAL OLYMPICS MASSACHUSETTS,1450|EAST ST,PITTSFIELD,MA,1201,25003,4132366970,InfoGroup,2005
200528110,ROYAL PLATING & POLISHING CO,740|CRANE AVE,PITTSFIELD,MA,1201,25003,4134434441,InfoGroup,2005
200528173,MERRILL LYNCH,100|NORTH ST,PITTSFIELD,MA,1201,25003,4133950300,InfoGroup,2005
200528284,,222|SOUTH ST,PITTSFIELD,MA,1201,25003,4134420010,InfoGroup,2005
200528447,LABOR & WORKFORCE DEVELOPMENT,333|EAST ST,PITTSFIELD,MA,1201,25003,4134488746,InfoGroup,2005
200528499,BERKSHIRE ROOFING & INSULATION,400|WAHCONAH ST,PITTSFIELD,MA,1201,25003,4134433100,InfoGroup,2005
200528547,WHEELER & TAYLOR INC,402|EAST ST,PITTSFIELD,MA,1201,25003,4134488224,InfoGroup,2005
200528371,CHICOPEE CONSTRUCTION CORP,659|DALTON DIVISION RD,PITTSFIELD,MA,1201,25003,4134437744,InfoGroup,2005
200528414,BERKSHIRE SUPERIOR COURT,76|EAST ST,PITTSFIELD,MA,1201,25003,4134997487,InfoGroup,2005
200528691,APPLEBEE'S NEIGHBORHOOD GRILL,555|HUBBARD AVE,PITTSFIELD,MA,1201,25003,4134995157,InfoGroup,2005
200528717,COUNTRY WOOD FLOORS,82|CLARENDON ST,PITTSFIELD,MA,1201,25003,4134454677,InfoGroup,2005
200528527,,740|WILLIAMS ST,PITTSFIELD,MA,1201,25003,4134993671,InfoGroup,2005
200528711,TULLY ENTERPRISES INC,815|NORTH ST,PITTSFIELD,MA,1201,25003,4134429110,InfoGroup,2005
200528780,BEN & JERRY'S,179|SOUTH ST,PITTSFIELD,MA,1201,25003,4134482250,InfoGroup,2005
200528594,CARDAN CONSTRUCTION INC,607|FENN ST,PITTSFIELD,MA,1201,25003,4134990149,InfoGroup,2005
200528645,BERKSHIRE GAS CO,115|CHESHIRE RD,PITTSFIELD,MA,1201,25003,4134421511,InfoGroup,2005
200528847,NOTRE DAME CONVENT,2|DICKINSON AVE,PITTSFIELD,MA,1201,25003,4134425021,InfoGroup,2005
200528925,DRESS BARN,555|HUBBARD AVE,PITTSFIELD,MA,1201,25003,4132431525,InfoGroup,2005
200528747,SOUTH CONGREGATIONAL CHURCH,110|SOUTH ST,PITTSFIELD,MA,1201,25003,4134427357,InfoGroup,2005
200528954,PITTSFIELD HEALTH FOOD CTR,407|NORTH ST,PITTSFIELD,MA,1201,25003,4134425662,InfoGroup,2005
200529029,CUMBERLAND FARMS,885|DALTON AVE,PITTSFIELD,MA,1201,25003,4134969774,InfoGroup,2005
200528802,BERKSHIRE ORAL SURGERY ASSOC,192|MOUNTAIN DR,PITTSFIELD,MA,1201,25003,4134994540,InfoGroup,2005
200528880,MIRANDA LEIGH SHEPLEY ATTORNEY,74|NORTH ST,PITTSFIELD,MA,1201,25003,4134992666,InfoGroup,2005
200529127,WEST SIDE CLOCKS,449|NORTH ST,PITTSFIELD,MA,1201,25003,4134425484,InfoGroup,2005
200529186,LAKESIDE CAMP & CONFERENCE CTR,195|CLOVERDALE ST,PITTSFIELD,MA,1201,25003,4134478930,InfoGroup,2005
200528921,JIFFY LUBE,1050|SOUTH ST,PITTSFIELD,MA,1201,25003,4134482400,InfoGroup,2005
200529196,TACONIC VALLEY TRUCKING,1644|EAST ST,PITTSFIELD,MA,1201,25003,4134434997,InfoGroup,2005
200529247,LIBERTY PIZZA,308|NORTH ST,PITTSFIELD,MA,1201,25003,4134997779,InfoGroup,2005
200529020,CHARLES WEBB CO INC,152|NORTH ST,PITTSFIELD,MA,1201,25003,4134454484,InfoGroup,2005
200529069,BMC HILLCREST CAMPUS THOMAS,165|TOR CT,PITTSFIELD,MA,1201,25003,4134421400,InfoGroup,2005
200529328,KUSHI & MYERS PC,21|HENRY AVE,PITTSFIELD,MA,1201,25003,4134434731,InfoGroup,2005
200529067,NOTRE DAME RECTORY,50|MELVILLE ST,PITTSFIELD,MA,1201,25003,4134992736,InfoGroup,2005
200529157,CARR HARDWARE,537|NORTH ST,PITTSFIELD,MA,1201,25003,4134435611,InfoGroup,2005
200529385,PAPER BOY APPAREL,542|TYLER ST,PITTSFIELD,MA,1201,25003,4134424655,InfoGroup,2005
200529471,PELLEGRINI SEELEY RYAN,27|HENRY AVE,PITTSFIELD,MA,1201,25003,4134457750,InfoGroup,2005
200529248,MASSACHUSETTS SOCIETY,53|EAGLE ST,PITTSFIELD,MA,1201,25003,4132365656,InfoGroup,2005
200529325,DE MARTINO PHYSICAL THERAPY,1450|EAST ST,PITTSFIELD,MA,1201,25003,4134420610,InfoGroup,2005
200529541,FREEDMAN DE ROSA & RONDEAU,27|WILLIS ST,PITTSFIELD,MA,1201,25003,4134456400,InfoGroup,2005
200529359,SIMONS SMITH & GERARD,75|NORTH ST,PITTSFIELD,MA,1201,25003,4134422731,InfoGroup,2005
200529427,MR ROOTER,17|GROVE ST,PITTSFIELD,MA,1201,25003,4134438222,InfoGroup,2005
200529618,FAMILY DOLLAR STORE,457|DALTON AVE,PITTSFIELD,MA,1201,25003,4134478213,InfoGroup,2005
200529704,ZUCCHIN'S,1331|NORTH ST,PITTSFIELD,MA,1201,25003,4134422777,InfoGroup,2005
200529485,CARDS SMART,555|HUBBARD AVE,PITTSFIELD,MA,1201,25003,4134421729,InfoGroup,2005
200529560,TOWER VENTURES,40|WEST ST,PITTSFIELD,MA,1201,25003,4134477712,InfoGroup,2005
200529782,,56|BARTLETT AVE,PITTSFIELD,MA,1201,25003,4134991693,InfoGroup,2005
200529589,MAMMOGRAPHY OFFICE-BERKSHIRE,777|NORTH ST,PITTSFIELD,MA,1201,25003,4134998591,InfoGroup,2005
200529640,BY DESIGN LANDSCAPING,58|GARLAND AVE,PITTSFIELD,MA,1201,25003,4134993498,InfoGroup,2005
200529855,U-DRIVE BOAT RENTAL,990|VALENTINE RD,PITTSFIELD,MA,1201,25003,4134427020,InfoGroup,2005
200529911,DRAPERY FACTORY,32|NORTH ST,PITTSFIELD,MA,1201,25003,4134482898,InfoGroup,2005
201031862,GREYLOCK FEDERAL CREDIT UNION,250|STOCKBRIDGE RD,GREAT BARRINGTON,MA,1230,25003,4136449234,InfoGroup,2010
201031984,BERKSHIRE HEMATOLOGY ONCOLOGY,780|MAIN ST,GREAT BARRINGTON,MA,1230,25003,4135286194,InfoGroup,2010
201032076,BYZANTIUM,32|RAILROAD ST,GREAT BARRINGTON,MA,1230,25003,4135289496,InfoGroup,2010
2005572166,GRADE A SHOP RITE,563|NEWFIELD AVE,STAMFORD,CT,6905,9001,2033561662,InfoGroup,2005
2005572292,OCTEAU'S SWIMMING POOL WATER,55|RESEARCH DR,STAMFORD,CT,6906,9001,2039757019,InfoGroup,2005
201032172,BARRY M KARSON ATTORNEY,785|MAIN ST,GREAT BARRINGTON,MA,1230,25003,4136440150,InfoGroup,2010
201032224,EGREMONT POLICE DEPT,171|EGREMONT PLAIN RD,GREAT BARRINGTON,MA,1230,25003,4135282160,InfoGroup,2010
201032311,TANGELO,306|MAIN ST,GREAT BARRINGTON,MA,1230,25003,4135288008,InfoGroup,2010
2005572339,DOLAN MIDDLE SCHOOL,51|TOMS RD,STAMFORD,CT,6906,9001,2039774441,InfoGroup,2005
2005572391,HUA LIN CHINESE RESTAURANT,225|HOPE ST,STAMFORD,CT,6906,9001,2033241280,InfoGroup,2005
201032380,LAWRENCE V TOOLE INSURANCE,317|MAIN ST,GREAT BARRINGTON,MA,1230,25003,4135280011,InfoGroup,2010
201032433,CABINET WORKS,48|STATE RD,GREAT BARRINGTON,MA,1230,25003,4135282565,InfoGroup,2010
2005572472,PAUL PORRELLI & SON,28|LENOX AVE,STAMFORD,CT,6906,9001,2033223286,InfoGroup,2005
201032458,GYPSY JOYNT,389|STOCKBRIDGE RD,GREAT BARRINGTON,MA,1230,25003,4136448811,InfoGroup,2010
201032489,KITTREDGE SCHOOL,80|MAPLE ST,HINSDALE,MA,1235,25003,4136552525,InfoGroup,2010
2005572490,DELTA INSTALLATION,317|COURTLAND AVE,STAMFORD,CT,6906,9001,2039751192,InfoGroup,2005
2005572558,SQUIRES HIGH TECH,25|CRESCENT ST,STAMFORD,CT,6906,9001,2033598596,InfoGroup,2005
201032561,PERU LIBRARY,6|W MAIN RD,PERU,MA,1235,25003,4136558650,InfoGroup,2010
201032702,LANESBOROUGH 525 STORAGE,525|S MAIN ST,LANESBORO,MA,1237,25003,4134452500,InfoGroup,2010
201032780,ADAMS COOPERATIVE BANK,545|S MAIN ST,LANESBORO,MA,1237,25003,4134434070,InfoGroup,2010
201032902,LOCKER ROOM SPORTS BAR,232|MAIN ST,LEE,MA,1238,25003,4132432662,InfoGroup,2010
201032951,ANIMAGIC MUSEUM OF ANIMATION,77|MAIN ST,LEE,MA,1238,25003,4132432051,InfoGroup,2010
201032995,B & B TRUCK REPAIR,475|PLEASANT ST,LEE,MA,1238,25003,4132431790,InfoGroup,2010
201033099,BERKSHIRE HILLS BAPTIST CHURCH,190|PLEASANT ST,LEE,MA,1238,25003,4132430837,InfoGroup,2010
201033136,IZOD,570|PRIME OUTLETS BLVD,LEE,MA,1238,25003,4132434700,InfoGroup,2010
201033242,WRIGHT'S GARAGE INC,330|STOCKBRIDGE RD,LEE,MA,1238,25003,4132430919,InfoGroup,2010
201033289,JEHOVAH'S WITNESSES,945|PLEASANT ST,LEE,MA,1238,25003,4132433495,InfoGroup,2010
201034795,STAVELEIGH HOUSE,59|MAIN ST,SHEFFIELD,MA,1257,25003,4132292129,InfoGroup,2010
2005573016,PETALS FLOWER SHOPPE,990|HOPE ST,STAMFORD,CT,6907,9001,2033277548,InfoGroup,2005
2005573038,SPECTRUM EVENT LIGHTING-DECOR,55|POPLAR ST,STAMFORD,CT,6907,9001,2039692788,InfoGroup,2005
201034842,LANE CONSTRUCTION CORP,49|LIME KILN RD,SHEFFIELD,MA,1257,25003,4132292061,InfoGroup,2010
201034961,MONTEREY MASONRY LLC,39|SILVER ST,SHEFFIELD,MA,1257,25003,4132290475,InfoGroup,2010
2005573084,,124|KNAPP ST,STAMFORD,CT,6907,9001,2032536839,InfoGroup,2005
2005573113,DAIRY INN,1092|HOPE ST,STAMFORD,CT,6907,9001,2033225138,InfoGroup,2005
201035055,NEW MARLBOROUGH ASSESSOR,807|MILL RIVER SOUTHFIELD RD,SOUTHFIELD,MA,1259,25003,4132298926,InfoGroup,2010
2005573126,STRAIGHT SEWAGE DISPOSAL CO,84|KNICKERBOCKER AVE,STAMFORD,CT,6907,9001,2033234521,InfoGroup,2005
2005573152,SPRINGDALE GARDENS,956|HOPE ST,STAMFORD,CT,6907,9001,2033249994,InfoGroup,2005
201035115,DELAIR & EDWARDS,3|ELM ST,STOCKBRIDGE,MA,1262,25003,4132983717,InfoGroup,2010
201035164,A CRUISE CONNECTION,11|PARK ST,STOCKBRIDGE,MA,1262,25003,4132983715,InfoGroup,2010
201027897,TJ MAXX,17|CHESHIRE RD,PITTSFIELD,MA,1201,25003,4134439644,InfoGroup,2010
201027995,ALLENDALE ELEMENTARY SCHOOL,180|CONNECTICUT AVE,PITTSFIELD,MA,1201,25003,4134489650,InfoGroup,2010
201035231,BERKSHIRE COUNTY DAY SCHOOL,55|INTERLAKEN RD,STOCKBRIDGE,MA,1262,25003,4136370755,InfoGroup,2010
201028012,ANGELINA'S SUBMARINE SHOPS,100|DALTON AVE,PITTSFIELD,MA,1201,25003,4134439875,InfoGroup,2010
201028050,ISGOOD REALTY,100|WENDELL AVE,PITTSFIELD,MA,1201,25003,4134434416,InfoGroup,2010
201035293,CAFFE POMO D'ORO,6|DEPOT ST,WEST STOCKBRIDGE,MA,1266,25003,4132324616,InfoGroup,2010
201035379,SAND SPRINGS SPRINGWATER CO,160|SAND SPRINGS RD,WILLIAMSTOWN,MA,1267,25003,4134588281,InfoGroup,2010
201028143,MIKE'S MAYTAG HOME APPLIANCE,14|GORDON ST,PITTSFIELD,MA,1201,25003,4134434692,InfoGroup,2010
201028186,PITTSFIELD LAWN & TRACTOR,1548|W HOUSATONIC ST,PITTSFIELD,MA,1201,25003,4134432623,InfoGroup,2010
201035450,OVERLAND TRAVEL INC,63|SPRING ST,WILLIAMSTOWN,MA,1267,25003,4134589672,InfoGroup,2010
201028199,PRO AUTOMOTIVE ELECTRONICS,606|EAST ST,PITTSFIELD,MA,1201,25003,4134996606,InfoGroup,2010
201028267,ZARETSKOYA-FUCHS MARINA,777|NORTH ST,PITTSFIELD,MA,1201,25003,4133957694,InfoGroup,2010
201035536,WILLIAMS COLLEGE MENS CREW,22|SPRING ST,WILLIAMSTOWN,MA,1267,25003,4135972480,InfoGroup,2010
201035603,SHERRI'S LICENSED AVON BEAUTY,242|MAIN ST,WILLIAMSTOWN,MA,1267,25003,4134582866,InfoGroup,2010
201035604,,197|ADAMS RD,WILLIAMSTOWN,MA,1267,25003,4136645900,InfoGroup,2010
201035673,WILL MAIN & ASSOC LLC,384|MAIN ST,WILLIAMSTOWN,MA,1267,25003,4134585700,InfoGroup,2010
201028426,LARRY'S NOTARY,10|UNION ST,PITTSFIELD,MA,1201,25003,4134433112,InfoGroup,2010
201028484,GARBARSKY REFRIGERATION INC,9|KEELER ST,PITTSFIELD,MA,1201,25003,4134482833,InfoGroup,2010
201035759,BUSINESS NEWS PUBLISHING CO,950|SHAW RD,WINDSOR,MA,1270,25003,4136841447,InfoGroup,2010
2010471105,ANSONIA PUBLIC LIBRARY,53|S CLIFF ST,ANSONIA,CT,6401,9009,2037346275,InfoGroup,2010
2010471144,EAGLE HOSE CO,1|MAIN ST,ANSONIA,CT,6401,9009,2037365978,InfoGroup,2010
201028527,ADAMSON SYSTEMS PROPERTY MGMT,61|TAYLOR ST,PITTSFIELD,MA,1201,25003,4134426592,InfoGroup,2010
201028619,FAMILY PRACTICE ASSOC,20|ELM ST,PITTSFIELD,MA,1201,25003,4134421019,InfoGroup,2010
2010471192,HIGH ACRES CHRISTIAN CHURCH,11|HIGH ACRES RD,ANSONIA,CT,6401,9009,2037360161,InfoGroup,2010
2010471221,HILLTOP GARDEN NURSERY,187|HILL ST,ANSONIA,CT,6401,9009,2037351329,InfoGroup,2010
201028698,ELLE DAY SPA AT CROWNE PLAZA,2|SOUTH ST,PITTSFIELD,MA,1201,25003,4134455600,InfoGroup,2010
201028776,BUTTERFLY SNEAKERS,8|SPRING ST,PITTSFIELD,MA,1201,25003,4134430107,InfoGroup,2010
2010471265,FITZPATRICK'S CHRYSLER JEEP,430|E MAIN ST,ANSONIA,CT,6401,9009,2037343318,InfoGroup,2010
201028786,JOYCE'S RENEWED IMAGE CARE,187|BARTLETT AVE,PITTSFIELD,MA,1201,25003,4134477231,InfoGroup,2010
201028870,ALLEGRONE CONSTRUCTION CO INC,273|NEWELL ST,PITTSFIELD,MA,1201,25003,4139979200,InfoGroup,2010
2010471307,CRITTERYARDCARDS.COM,2|DEMPSEY RD,ANSONIA,CT,6401,9009,2037368663,InfoGroup,2010
2010471547,ANSONIA TIRE CTR,687|MAIN ST,ANSONIA,CT,6401,9009,2037369208,InfoGroup,2010
201028904,CHILD CARE OF THE BERKSHIRES,1350|WEST ST,PITTSFIELD,MA,1201,25003,4132363060,InfoGroup,2010
201028947,DLO MANAGEMENT INC,75|NORTH ST,PITTSFIELD,MA,1201,25003,4134471900,InfoGroup,2010
2010471741,BEACON FALLS CONGREGATIONAL,69|WOLFE AVE,BEACON FALLS,CT,6403,9009,2037298802,InfoGroup,2010
201028967,MY COM FEDERAL CREDIT UNION,101|FENN ST,PITTSFIELD,MA,1201,25003,4134426501,InfoGroup,2010
201029052,BERKSHIRE COSMETIC-RCNSTRCTV,426|SOUTH ST,PITTSFIELD,MA,1201,25003,4134969272,InfoGroup,2010
2010472037,COUNTY OBSTETRICS & GYNECOLOGY,687|MAIN ST,BRANFORD,CT,6405,9009,2034888306,InfoGroup,2010
2010472155,CONNECTICUT IRRIGATION,454|E MAIN ST,BRANFORD,CT,6405,9009,2032340432,InfoGroup,2010
201029105,WIC PROGRAM,25|1T ST,PITTSFIELD,MA,1201,25003,4134482611,InfoGroup,2010
201029164,UNWIN LAND SVC,54|WENDELL AVE,PITTSFIELD,MA,1201,25003,4134430523,InfoGroup,2010
201029212,MC INERNEY PARENT CTR,48|ELIZABETH ST,PITTSFIELD,MA,1201,25003,4134993556,InfoGroup,2010
2010472149,TIMELESS TREASURES BY MAUREEN,288|E MAIN ST,BRANFORD,CT,6405,9009,2034880536,InfoGroup,2010
2010472222,,140|MONTOWESE ST,BRANFORD,CT,6405,9009,2034887248,InfoGroup,2010
201029297,ALMEIDA PLUMBING HTG & COOLING,63|EDWARD AVE,PITTSFIELD,MA,1201,25003,4139974880,InfoGroup,2010
201029374,BERKSHIRE MEDICAL CTR,725|NORTH ST,PITTSFIELD,MA,1201,25003,4134472555,InfoGroup,2010
2010472281,IL FORNO RESTAURANT,765|W MAIN ST,BRANFORD,CT,6405,9009,2034880573,InfoGroup,2010
201029380,BERKSHIRE MEDICAL CTR,725|NORTH ST,PITTSFIELD,MA,1201,25003,4134472000,InfoGroup,2010
201029429,BERKSHIRE FACULTY SVC,725|NORTH ST,PITTSFIELD,MA,1201,25003,4134472695,InfoGroup,2010
2010472315,HARRISON HOUSE,124|MAIN ST,BRANFORD,CT,6405,9009,2034884828,InfoGroup,2010
2010472360,INDIAN NECK SVC STATION,58|ROGERS ST,BRANFORD,CT,6405,9009,2034882450,InfoGroup,2010
201029510,,725|NORTH ST,PITTSFIELD,MA,1201,25003,4134472000,InfoGroup,2010
2010472388,TOWN FAIR TIRE,1018|W MAIN ST,BRANFORD,CT,6405,9009,2034884333,InfoGroup,2010
201029557,JIM'S HOUSE OF SHOES,239|NORTH ST,PITTSFIELD,MA,1201,25003,4134454655,InfoGroup,2010
201029660,AH EC AREA HEALTH EDUCATION,703|W HOUSATONIC ST,PITTSFIELD,MA,1201,25003,4134472417,InfoGroup,2010
2010472458,PREMIER EDUCATION GROUP,1|SUMMIT PL,BRANFORD,CT,6405,9009,2034882525,InfoGroup,2010
2010472522,CYNTHIA'S FLOWER SHOP,188|N MAIN ST,BRANFORD,CT,6405,9009,2034813115,InfoGroup,2010
201029708,CENTRAL BERKSHIRE GASTRO,777|NORTH ST,PITTSFIELD,MA,1201,25003,4134998590,InfoGroup,2010
201029793,SURFACE STRIPPING TECHNOLOGIES,4|INDUSTRIAL DR,PITTSFIELD,MA,1201,25003,4134457878,InfoGroup,2010
2010472596,DERLAN INC,175|N MAIN ST,BRANFORD,CT,6405,9009,2034834337,InfoGroup,2010
201029801,CIGARETTE & CIGAR STORE,180|ELM ST,PITTSFIELD,MA,1201,25003,4134455504,InfoGroup,2010
201029842,,100|NORTH ST,PITTSFIELD,MA,1201,25003,4134436408,InfoGroup,2010
2010472648,HOME CARE MEDICAL LLC,1171|MAIN ST,BRANFORD,CT,6405,9009,2034839414,InfoGroup,2010
2010472700,,5|S MAIN ST,BRANFORD,CT,6405,9009,2034881577,InfoGroup,2010
201029956,BUILDING BLOCKS EARLY EDU,455|DALTON AVE,PITTSFIELD,MA,1201,25003,4134420706,InfoGroup,2010
201030046,BERSKSHIRE EDUCATIONAL RSRC,30|WENDELL AVE,PITTSFIELD,MA,1201,25003,4134436630,InfoGroup,2010
201030015,,510|NORTH ST,PITTSFIELD,MA,1201,25003,4134436333,InfoGroup,2010
201030099,ALTO'S SEWER & DRAIN CLEANING,155|BROADVIEW TER,PITTSFIELD,MA,1201,25003,4134471613,InfoGroup,2010
2010472970,BRANFORD WINNELSON CO,22|MCDERMOTT RD,BRANFORD,CT,6405,9009,2034837216,InfoGroup,2010
2010473057,BRANFORD INTERNAL MEDICINE,500|E MAIN ST,BRANFORD,CT,6405,9009,2034815665,InfoGroup,2010
201030164,,510|NORTH ST,PITTSFIELD,MA,1201,25003,4134424438,InfoGroup,2010
201030244,CARVED WOOD RV MARCHETTO SIGNS,20|NEW YORK AVE,PITTSFIELD,MA,1201,25003,4134488042,InfoGroup,2010
2010473122,SALON VIZIATO,117|S MAIN ST,BRANFORD,CT,6405,9009,2034330295,InfoGroup,2010
201030242,BERKSHIRE LAWN CARE,69|ABERDEEN RD,PITTSFIELD,MA,1201,25003,4134477647,InfoGroup,2010
201030287,CASTOLDI'S BARBER SHOP,764|TYLER ST,PITTSFIELD,MA,1201,25003,4134423286,InfoGroup,2010
2010473233,,14|SYCAMORE WAY,BRANFORD,CT,6405,9009,2034832630,InfoGroup,2010
201030415,DAYSPRING REALTORS INC,55|CHURCH ST,PITTSFIELD,MA,1201,25003,4134428581,InfoGroup,2010
201030481,HOLD THE ANCHOVIES,457|DALTON AVE,PITTSFIELD,MA,1201,25003,4134432400,InfoGroup,2010
2010473299,YALE CARDIOLOGY,11|HARRISON AVE,BRANFORD,CT,6405,9009,2034838300,InfoGroup,2010
2010473333,A A AUTOMOTIVE PARTS CO,59|SCHOOL GROUND RD,BRANFORD,CT,6405,9009,2034888387,InfoGroup,2010
2010473364,,250|W MAIN ST,BRANFORD,CT,6405,9009,2034886363,InfoGroup,2010
201030499,SHOPPER'S HOTLINE,703|W HOUSATONIC ST,PITTSFIELD,MA,1201,25003,4134437411,InfoGroup,2010
201030554,TIM BRENNER'S CARPET-UPHLSTRY,73|LEBANON MTN RD,PITTSFIELD,MA,1201,25003,4133585644,InfoGroup,2010
2010473405,ALL THAT JAZZ DANCE STUDIO,59|SCHOOL GROUND RD,BRANFORD,CT,6405,9009,2034831112,InfoGroup,2010
201030643,LENNOX & FLETCHER INC,5|CHESHIRE RD,PITTSFIELD,MA,1201,25003,4134455597,InfoGroup,2010
2014547446,GASTROENTEROLOGY CENTER-CT PC,1591|BOSTON POST RD,GUILFORD,CT,6437,9009,2034584463,InfoGroup,2014
2014547609,SAL'S DRIVING SCHOOL,51|WHITFIELD ST,GUILFORD,CT,6437,9009,2034531710,InfoGroup,2014
2014547003,ATM,1057|BOSTON POST RD,GUILFORD,CT,6437,9009,2030001111,InfoGroup,2014
2014547621,MALONEY & CO LLC,1110|BOSTON POST RD,GUILFORD,CT,6437,9009,2034584000,InfoGroup,2014
2014547662,SOUND HEALTH LLC,183|VILLAGE POND RD,GUILFORD,CT,6437,9009,2034535074,InfoGroup,2014
2014547028,BUCKOSOFT CORP,330|FOXWOOD RD,GUILFORD,CT,6437,9009,2034535997,InfoGroup,2014
2014547745,HAMDEN-SHORELINE ORAL SURGERY,87|STATE ST,GUILFORD,CT,6437,9009,2034534381,InfoGroup,2014
2014547836,NEW ENGLAND SURFACES,256|LITTLE MEADOW RD,GUILFORD,CT,6437,9009,2035334350,InfoGroup,2014
2014547169,ALFRED BOTHWELL,188|JANEWAY DR,GUILFORD,CT,6437,9009,2037854020,InfoGroup,2014
2014547844,CONNECTICUT RETINA CONSLNT LLC,5|DURHAM RD,GUILFORD,CT,6437,9009,2034442230,InfoGroup,2014
2014547880,ASSOCIATED MEDICAL,1795|BOSTON POST RD,GUILFORD,CT,6437,9009,2036895202,InfoGroup,2014
2014547916,OBSTETRICS & GYNECOLOGY ASSOC,652|BOSTON POST RD,GUILFORD,CT,6437,9009,2034535214,InfoGroup,2014
2014547950,BRANFORD/GUILFORD VNA,753|BOSTON POST RD,GUILFORD,CT,6437,9009,2034888357,InfoGroup,2014
2014547530,GUILFORD TILE & MARBLE LLC,1310|BOSTON POST RD,GUILFORD,CT,6437,9009,2034583888,InfoGroup,2014
2014547958,ABRAHAM BALDWIN MIDDLE SCHOOL,68|BULLARD DR,GUILFORD,CT,6437,9009,2034570222,InfoGroup,2014
2014548116,SALLY SCOTT INTERIOR DESIGN,45|ARROWHEAD DR,GUILFORD,CT,6437,9009,2034582903,InfoGroup,2014
2014547549,CELLULAR SOLUTIONS,1876|MOOSE HILL RD,GUILFORD,CT,6437,9009,2033159999,InfoGroup,2014
2014548157,JEWISH FEDERATION-GREATER,96|FAIR ST,GUILFORD,CT,6437,9009,2034537470,InfoGroup,2014
2014548207,SHIFT CYCLING,965|BOSTON POST RD,GUILFORD,CT,6437,9009,2035335792,InfoGroup,2014
2014547732,YALE-NEW HAVEN SHRLN MED CTR,111|GOOSE LN,GUILFORD,CT,6437,9009,2034537123,InfoGroup,2014
2014548217,LAKEVIEW BUILDING & REMODELING,1054|BOSTON POST RD,GUILFORD,CT,6437,9009,2034534996,InfoGroup,2014
2014548769,ASHLEY'S ICE CREAM CAFE,724|BOSTON POST RD,MADISON,CT,6443,9009,2032451113,InfoGroup,2014
2014547776,MANGINO STRENGTH & CNDTNNG,2458|BOSTON POST RD,GUILFORD,CT,6437,9009,2036895243,InfoGroup,2014
2014547935,RADIOSHACK,874|BOSTON POST RD,GUILFORD,CT,6437,9009,2034536288,InfoGroup,2014
2014547815,CHRISTOPHER DISOTELL,1035|W LAKE AVE,GUILFORD,CT,6437,9009,2039961291,InfoGroup,2014
2014547985,GUILFORD FIRE CHIEF,31|PARK ST,GUILFORD,CT,6437,9009,2034538056,InfoGroup,2014
2014548993,UNIQUE CLEANERS,200|BOSTON POST RD,MADISON,CT,6443,9009,2033180899,InfoGroup,2014
2014549201,ECKER & ECKER,11|WOODLAND RD,MADISON,CT,6443,9009,2032454242,InfoGroup,2014
2014548026,THOMPSON & BURNS ARCHITECT,28|S FAIR ST,GUILFORD,CT,6437,9009,2034530066,InfoGroup,2014
2014549244,MARGOT ROANE INTERIORS,370|COPSE RD,MADISON,CT,6443,9009,2034210167,InfoGroup,2014
2014549306,BEEBE DOCK & MOORING SYSTEMS,5|OLD POST RD,MADISON,CT,6443,9009,2032452526,InfoGroup,2014
2014548066,KAOUD BROTHERS ORIENTAL RUGS,594|BOSTON POST RD,GUILFORD,CT,6437,9009,2034532310,InfoGroup,2014
2014548176,GYNECOLOGY & INFERTILITY,135|GOOSE LN,GUILFORD,CT,6437,9009,2034534450,InfoGroup,2014
2014549349,MALONE'S,56|ACADEMY ST,MADISON,CT,6443,9009,2032456161,InfoGroup,2014
2014549404,MADISON MUSIC CTR,1|ORCHARD PARK RD,MADISON,CT,6443,9009,2033185007,InfoGroup,2014
2014548260,GASTROENTEROLOGY-NEW HAVEN,1591|BOSTON POST RD,GUILFORD,CT,6437,9009,2034582383,InfoGroup,2014
2014549414,CURVES,200|BOSTON POST RD,MADISON,CT,6443,9009,2032459495,InfoGroup,2014
2014549460,SAWCHUK & STARK,25|DURHAM RD,MADISON,CT,6443,9009,2032453013,InfoGroup,2014
2014548305,ROYAL PRINTING SVC,588|BOSTON POST RD,GUILFORD,CT,6437,9009,2034535887,InfoGroup,2014
2014548774,CRETELLA BELLOWSKI,2|SAMSON ROCK DR,MADISON,CT,6443,9009,2032453922,InfoGroup,2014
2014549571,NEXUS RESOURCES INC,42|BARTLETT DR,MADISON,CT,6443,9009,2034213211,InfoGroup,2014
2014549604,FIRST NIAGARA BANK,724|BOSTON POST RD,MADISON,CT,6443,9009,2032457355,InfoGroup,2014
2014549615,MADISON MUNICIPAL CLERK,8|CAMPUS DR,MADISON,CT,6443,9009,2032455672,InfoGroup,2014
2014549653,COUNTRY SANITATION INC,16|NATHANS LN,MADISON,CT,6443,9009,2032457292,InfoGroup,2014
2014548862,BLIND & SHADE PRODUCTS,1059|DURHAM RD,MADISON,CT,6443,9009,2032223833,InfoGroup,2014
2014548897,MIDDLETOWN SURGICAL GROUP PC,1353|BOSTON POST RD,MADISON,CT,6443,9009,8603462608,InfoGroup,2014
2014549869,GUILFORD SANITATION CO,10|RAILROAD AVE,MADISON,CT,6443,9009,2032459450,InfoGroup,2014
2014549927,THERAPEUTIC CENTRE,168|BOSTON POST RD,MADISON,CT,6443,9009,2032459293,InfoGroup,2014
2014549939,GTA TOURS,94|SPORTSMAN HILL RD,MADISON,CT,6443,9009,2032458980,InfoGroup,2014
2014549006,PORTOFINO PIZZA,500|OLD TOLL RD,MADISON,CT,6443,9009,2034215252,InfoGroup,2014
2014549016,CONTINUUM PERFORMANCE SYST INC,85|WALL ST,MADISON,CT,6443,9009,2032455000,InfoGroup,2014
2014550322,STAR AUTO SALES,333|S BROAD ST,MERIDEN,CT,6450,9009,2036302926,InfoGroup,2014
2014550353,NATIONWIDE INSURANCE,240|POMEROY AVE,MERIDEN,CT,6450,9009,2032377775,InfoGroup,2014
2014549079,ABC HOUSE,348|DURHAM RD,MADISON,CT,6443,9009,2032451402,InfoGroup,2014
2014550526,,61|POMEROY AVE,MERIDEN,CT,6450,9009,2036945390,InfoGroup,2014
2014549096,PEDIATRIC DENTISTRY ASSOC,149|DURHAM RD,MADISON,CT,6443,9009,2032451454,InfoGroup,2014
2014549155,ACT II THRIFT SHOP,170|BOSTON POST RD,MADISON,CT,6443,9009,2032452815,InfoGroup,2014
2014549165,FIRST NIAGARA BANK,200|BOSTON POST RD,MADISON,CT,6443,9009,2032458655,InfoGroup,2014
2014549228,W SALON,724|BOSTON POST RD,MADISON,CT,6443,9009,2032457400,InfoGroup,2014
2014550688,,83|TUMBLEBROOK RD,MERIDEN,CT,6450,9009,2032375374,InfoGroup,2014
2014550700,ACUITY EYE PHYSICIANS & SRGNS,12|CURTIS ST,MERIDEN,CT,6450,9009,2032357946,InfoGroup,2014
2014549270,THIS LLC,19|TIMBER RIDGE RD,MADISON,CT,6443,9009,2032454929,InfoGroup,2014
2014550706,PROHEALTH PHYSICIANS EXTENDED,816|BROAD ST,MERIDEN,CT,6450,9009,2032381919,InfoGroup,2014
2014550802,LINCARE,464|PRATT STREET EXT,MERIDEN,CT,6450,9009,2036341264,InfoGroup,2014
2014550886,BROWN & WELSH,530|PRESTON AVE,MERIDEN,CT,6450,9009,2036397804,InfoGroup,2014
2014549432,MAGGIE'S TABLE,705|BOSTON POST RD,MADISON,CT,6443,9009,2033188883,InfoGroup,2014
2014549531,HBC CONSULTING LLC,1291|BOSTON POST RD,MADISON,CT,6443,9009,2032459996,InfoGroup,2014
2014549559,,57|PENT RD,MADISON,CT,6443,9009,2032450289,InfoGroup,2014
2014550893,MASECRAFT SUPPLY CO,254|AMITY ST,MERIDEN,CT,6450,9009,2032383049,InfoGroup,2014
2014550941,THOMPSON & O'CONNOR,89|E MAIN ST,MERIDEN,CT,6450,9009,2032376493,InfoGroup,2014
2014549679,,145|DURHAM RD,MADISON,CT,6443,9009,2032455717,InfoGroup,2014
2014549716,T W COSGROVE CONSTRUCTION,64|SIGNAL HILL RD,MADISON,CT,6443,9009,2032456116,InfoGroup,2014
2014551041,BLOOMFRESH FLOWERS OF MERIDEN,728|BROAD ST,MERIDEN,CT,6450,9009,2032551119,InfoGroup,2014
2014551074,BRADLEY & CRONIN TAX GROUP,97|E MAIN ST,MERIDEN,CT,6450,9009,2036301228,InfoGroup,2014
2014549758,KLEIN'S GOLF RANGE,391|DURHAM RD,MADISON,CT,6443,9009,2032451139,InfoGroup,2014
2014549809,CREATIVE IMAGES,371|GREEN HILL RD,MADISON,CT,6443,9009,2032454743,InfoGroup,2014
2014549844,ST ANDREW'S EPISCOPAL CHURCH,232|DURHAM RD,MADISON,CT,6443,9009,2032452584,InfoGroup,2014
2014551093,ST JOHN LUTHERAN PRESCHOOL,520|PADDOCK AVE,MERIDEN,CT,6450,9009,2036303997,InfoGroup,2014
2014551178,SAKIMURA RESTAURANT,496|S BROAD ST,MERIDEN,CT,6450,9009,2032378888,InfoGroup,2014
2014550382,NOACK'S MEAT PRODUCTS,1112|E MAIN ST,MERIDEN,CT,6450,9009,2032357384,InfoGroup,2014
2014550414,LYONS TOOL & DIE CO,185|RESEARCH PKWY,MERIDEN,CT,6450,9009,2032382689,InfoGroup,2014
2014551221,FASTENAL,170|RESEARCH PKWY,MERIDEN,CT,6450,9009,2036302430,InfoGroup,2014
2014550421,DANTE'S PIZZA GRINDERS & MORE,179|BROAD ST,MERIDEN,CT,6450,9009,2032375515,InfoGroup,2014
2014550454,STAR STUDIOS LLC,74|CAMBRIDGE ST,MERIDEN,CT,6450,9009,2032375660,InfoGroup,2014
2014550509,DELICIOSO DELI & BAKERY,234|PRATT ST,MERIDEN,CT,6450,9009,2034400017,InfoGroup,2014
2014550525,HABERLI ELECTRIC LLC,125|RESEARCH PKWY,MERIDEN,CT,6450,9009,2032355653,InfoGroup,2014
